img_name,url
image_2_548f5440.jpg,https://encrypted-tbn0.gstatic.com/images?q=tbn:ANd9GcRJCfAHTohNvIlQW8MPj8qKI_BrytfgeUhVzA&s
image_3_b8e57499.jpg,https://product.hstatic.net/200000521195/product/c0e6fe9e-5cf3-41a7-bc81-706cf3e2818f_105a662870654cc981aee9bef11eea8d_1024x1024.jpeg
image_4_a08c8415.jpg,https://product.hstatic.net/200000521195/product/c1ce399b-a9d3-4cf6-b5d0-4d17cc33c78f_ff2481c2a9364e64a83f5f37e1262435_1024x1024.jpeg
image_5_ff2a5b29.jpg,https://product.hstatic.net/200000521195/product/7eeceb26-487e-4c97-92c4-1768d3da93be_d7e57c197db146b085f62fcaff211633_1024x1024.jpeg
image_6_719b4efb.jpg,https://product.hstatic.net/200000521195/product/92733aeb-3c3d-4f22-8208-936285a7cb3b_4a863a0b9a9343c1958baba49047c9b9_1024x1024.jpeg
image_7_a163cad2.jpg,https://product.hstatic.net/200000521195/product/eb9ebc34-6ac2-455f-8dba-93d26607c141_11467a02371f43139d3e5df0a2afd751_1024x1024.jpeg
image_8_a163cad2.jpg,https://product.hstatic.net/200000521195/product/eb9ebc34-6ac2-455f-8dba-93d26607c141_11467a02371f43139d3e5df0a2afd751_1024x1024.jpeg
image_9_ad01c12b.jpg,https://product.hstatic.net/200000521195/product/f8c5e0a1-35f5-42f3-9a35-ee6a3e927559_d1cf60c1e64b4b0db51e3096d2dad9aa_1024x1024.jpeg
image_10_eca202fd.jpg,https://product.hstatic.net/200000521195/product/3fe2fa14-8833-4e9d-bf24-bf246f756791_e928b5f7705d437babbe8a4b08b2bd6a_1024x1024.jpeg
image_11_a08c8415.jpg,https://product.hstatic.net/200000521195/product/c1ce399b-a9d3-4cf6-b5d0-4d17cc33c78f_ff2481c2a9364e64a83f5f37e1262435_1024x1024.jpeg
image_12_ff2a5b29.jpg,https://product.hstatic.net/200000521195/product/7eeceb26-487e-4c97-92c4-1768d3da93be_d7e57c197db146b085f62fcaff211633_1024x1024.jpeg
image_13_35205900.jpg,https://product.hstatic.net/200000521195/product/20c24a59-6637-4d68-b2ff-b9d06475adb7_ece3900cff7749df8d2110ffa0019053_1024x1024.jpeg
image_14_be5517db.jpg,https://product.hstatic.net/200000521195/product/90d60a62-2b41-4b76-bf57-91280a180556_edc497eba6df4c1e9da89d81ee749b76_1024x1024.jpeg
image_15_fdd90316.jpg,https://product.hstatic.net/200000521195/product/432274f1-f51b-480a-8b7f-f586c35fceb5_83e9ea6b32e54ff9b43e78079fabe509_1024x1024.jpeg
image_16_7daeb0e1.jpg,https://product.hstatic.net/200000521195/product/9f7f9957-a869-4603-b0ff-4fec46a65d0f_bb3eca32ffc64ad388af2015a9c46485_1024x1024.jpeg
image_17_0adfed73.jpg,https://product.hstatic.net/200000521195/product/389e2b6c-e0ce-4dc8-b3e2-6fd881db49e8_5699f0785b4d4a2894726c66f8e9f769_1024x1024.jpeg
image_18_a50e2729.jpg,https://product.hstatic.net/200000521195/product/34a3b3a8-3898-4651-822f-43275b2802b7_2fb855b9a5884399a32bfab39cf37de2_1024x1024.jpeg
image_19_36148ee8.jpg,https://product.hstatic.net/200000521195/product/6531bb95-d871-47f7-9fe0-6e8a11e3194e_7a736cb594234a97bf5f84c907c71007_1024x1024.jpeg
image_20_aa5f659a.jpg,https://product.hstatic.net/200000521195/product/4b8a3df5-6b27-4771-b018-a05df79bdbf2_d412517f64c14d24aa01953d43e3fd87_1024x1024.jpeg
image_21_c2caab77.jpg,https://product.hstatic.net/200000521195/product/216c8191-61af-4f80-b2d6-1c4611bc86c7_0e5255a1714640e6821c3b02f8d4ad62_1024x1024.jpeg
image_22_2df4dda4.jpg,https://product.hstatic.net/200000521195/product/70a19e1a-08a3-4ebc-a124-52cab5af5d4a_fdc020e199d046fb9ba834bde3b2fd66_1024x1024.jpeg
image_23_1c146ae2.jpg,https://product.hstatic.net/200000521195/product/9f80dc26-a556-4793-abec-c2cbbc9186d2_0c0b21d1a7b748ac911455689197efb1_1024x1024.jpeg
image_24_30dbac87.jpg,https://product.hstatic.net/200000521195/product/398a40fd-226c-46e5-a477-4d5157351e68_f670171591bf4b549d80fb4abd6a8f95_1024x1024.jpeg
image_25_b2b4a77b.jpg,https://product.hstatic.net/200000521195/product/ef0ba1ee-5367-4413-9254-9d4fb013e4ef_6bb710948d0144488e9a245d5f19209d.jpeg
image_26_c725e24d.jpg,https://product.hstatic.net/200000521195/product/fe9b581d-9a81-42b7-8fb8-b90f03fc953a_cf2089d17cc245298491f0f652057fd2_1024x1024.jpeg
image_27_eb0587cc.jpg,https://product.hstatic.net/200000521195/product/b44cd734-0b7c-459a-a7b2-0749f76419f0_721bfecc5ec2487b8e843149a53fe0af_1024x1024.jpeg
image_28_36148ee8.jpg,https://product.hstatic.net/200000521195/product/6531bb95-d871-47f7-9fe0-6e8a11e3194e_7a736cb594234a97bf5f84c907c71007_1024x1024.jpeg
image_29_aa5f659a.jpg,https://product.hstatic.net/200000521195/product/4b8a3df5-6b27-4771-b018-a05df79bdbf2_d412517f64c14d24aa01953d43e3fd87_1024x1024.jpeg
image_30_c2caab77.jpg,https://product.hstatic.net/200000521195/product/216c8191-61af-4f80-b2d6-1c4611bc86c7_0e5255a1714640e6821c3b02f8d4ad62_1024x1024.jpeg
image_31_2df4dda4.jpg,https://product.hstatic.net/200000521195/product/70a19e1a-08a3-4ebc-a124-52cab5af5d4a_fdc020e199d046fb9ba834bde3b2fd66_1024x1024.jpeg
image_32_1c146ae2.jpg,https://product.hstatic.net/200000521195/product/9f80dc26-a556-4793-abec-c2cbbc9186d2_0c0b21d1a7b748ac911455689197efb1_1024x1024.jpeg
image_33_30dbac87.jpg,https://product.hstatic.net/200000521195/product/398a40fd-226c-46e5-a477-4d5157351e68_f670171591bf4b549d80fb4abd6a8f95_1024x1024.jpeg
image_34_b2b4a77b.jpg,https://product.hstatic.net/200000521195/product/ef0ba1ee-5367-4413-9254-9d4fb013e4ef_6bb710948d0144488e9a245d5f19209d.jpeg
image_35_c725e24d.jpg,https://product.hstatic.net/200000521195/product/fe9b581d-9a81-42b7-8fb8-b90f03fc953a_cf2089d17cc245298491f0f652057fd2_1024x1024.jpeg
image_36_eb0587cc.jpg,https://product.hstatic.net/200000521195/product/b44cd734-0b7c-459a-a7b2-0749f76419f0_721bfecc5ec2487b8e843149a53fe0af_1024x1024.jpeg
image_37_3b0160c4.jpg,https://product.hstatic.net/200000521195/product/2925edad-1e64-49bd-9fb4-e569bc3cc7f2_51a7515df8cd48868c214b6a358f8586_1024x1024.jpg
image_38_64f063b9.jpg,https://product.hstatic.net/200000521195/product/ebcdcc78-b370-49ee-99fa-1c8c0ce997a2_d7fd234d49094202927d9bb21a5f949d_1024x1024.jpeg
image_39_22d8476e.jpg,https://product.hstatic.net/200000521195/product/2d4797f2-5a1b-4049-8679-70df36516ea7_264b0a72a7b6499199a0f79559a25b9e_1024x1024.jpeg
image_40_b0734cab.jpg,https://product.hstatic.net/200000521195/product/41d956bf-eb72-4cc9-9b58-c83979c307f6_c7f2769df81d40459a41da3053fb9641_1024x1024.jpeg
image_41_26bdf7f4.jpg,https://product.hstatic.net/200000521195/product/ea30a8d5-2c70-499c-b608-a39945a471f0_d2cb94ebb0ca4c52b3e7f8ce8009976f_1024x1024.jpg
image_42_5ad9d412.jpg,https://product.hstatic.net/200000521195/product/0f68422c-8931-4914-9352-e2997c8a4815_feb4321b720e47b2a1e34c80f47481cb_1024x1024.jpeg
image_43_11c71bb8.jpg,https://product.hstatic.net/200000521195/product/8b7892b4-8a47-4127-bdf3-17dfd2ae82b3_b8394ca4e7ea45df912ed9cc4fb1238d_1024x1024.jpg
image_44_292b24d1.jpg,https://product.hstatic.net/200000521195/product/cfc2ad00-9a81-479d-90ee-4c5b9c96a95c_a1ed42393d934d0e90a26a2fc5340dbd_1024x1024.jpeg
image_45_3aaa8da2.jpg,https://product.hstatic.net/200000521195/product/f572b8be-ca38-4649-adfa-e302a39ad93a_3811065278964ed2a910f78c4fbd7f6c_1024x1024.jpeg
image_46_e00d5b2a.jpg,https://product.hstatic.net/200000521195/product/9031ff9a-3eda-4c91-bda3-7465fc224e1c_184c0294327140ceb2556712c9aabef3_1024x1024.jpeg
image_47_3b0160c4.jpg,https://product.hstatic.net/200000521195/product/2925edad-1e64-49bd-9fb4-e569bc3cc7f2_51a7515df8cd48868c214b6a358f8586_1024x1024.jpg
image_48_64f063b9.jpg,https://product.hstatic.net/200000521195/product/ebcdcc78-b370-49ee-99fa-1c8c0ce997a2_d7fd234d49094202927d9bb21a5f949d_1024x1024.jpeg
image_49_22d8476e.jpg,https://product.hstatic.net/200000521195/product/2d4797f2-5a1b-4049-8679-70df36516ea7_264b0a72a7b6499199a0f79559a25b9e_1024x1024.jpeg
image_50_b0734cab.jpg,https://product.hstatic.net/200000521195/product/41d956bf-eb72-4cc9-9b58-c83979c307f6_c7f2769df81d40459a41da3053fb9641_1024x1024.jpeg
image_51_26bdf7f4.jpg,https://product.hstatic.net/200000521195/product/ea30a8d5-2c70-499c-b608-a39945a471f0_d2cb94ebb0ca4c52b3e7f8ce8009976f_1024x1024.jpg
image_52_5ad9d412.jpg,https://product.hstatic.net/200000521195/product/0f68422c-8931-4914-9352-e2997c8a4815_feb4321b720e47b2a1e34c80f47481cb_1024x1024.jpeg
image_53_11c71bb8.jpg,https://product.hstatic.net/200000521195/product/8b7892b4-8a47-4127-bdf3-17dfd2ae82b3_b8394ca4e7ea45df912ed9cc4fb1238d_1024x1024.jpg
image_54_292b24d1.jpg,https://product.hstatic.net/200000521195/product/cfc2ad00-9a81-479d-90ee-4c5b9c96a95c_a1ed42393d934d0e90a26a2fc5340dbd_1024x1024.jpeg
image_55_3aaa8da2.jpg,https://product.hstatic.net/200000521195/product/f572b8be-ca38-4649-adfa-e302a39ad93a_3811065278964ed2a910f78c4fbd7f6c_1024x1024.jpeg
image_56_e00d5b2a.jpg,https://product.hstatic.net/200000521195/product/9031ff9a-3eda-4c91-bda3-7465fc224e1c_184c0294327140ceb2556712c9aabef3_1024x1024.jpeg
image_57_8545df0b.jpg,https://product.hstatic.net/200000521195/product/ff8275db-6a7a-459b-94c6-5293746e0ca7_4c488cc6feb148499db998420b4fe6d5_1024x1024.jpeg
image_58_b4eb6278.jpg,https://product.hstatic.net/200000521195/product/dd5d46ba-e84e-4eb2-a0aa-660e24fd39c0_300ef0f5dbf44d018fc0a87e14338a4a_1024x1024.jpeg
image_59_8e8f8435.jpg,https://product.hstatic.net/200000521195/product/1f92eedc-8bc6-4df0-840f-988d5bca3309_652171caa43941e0be4d0095dbabb4a8_1024x1024.jpeg
image_60_c40da64d.jpg,https://product.hstatic.net/200000521195/product/c7906eca-c0bf-49b3-b64e-991e84e91af5_698be89b6d9b4391838615240d6ed6fd_1024x1024.jpeg
image_61_ac3e972d.jpg,https://product.hstatic.net/200000521195/product/7975ff2d-a438-4bab-a4b0-c42cd6ac4561_2fea04ce6735401ab57e70c85f357b8a_1024x1024.jpeg
image_62_452d4ae3.jpg,https://product.hstatic.net/200000521195/product/6b9a76b3-cd75-4d15-86da-983af2fd35a0_96d4882258ec447f8d2c5e7a25686fce_1024x1024.jpeg
image_63_452d4ae3.jpg,https://product.hstatic.net/200000521195/product/6b9a76b3-cd75-4d15-86da-983af2fd35a0_96d4882258ec447f8d2c5e7a25686fce_1024x1024.jpeg
image_64_e768cdce.jpg,https://product.hstatic.net/200000521195/product/8c16f8ec-1f9c-4cf0-8883-ce6ea5e033be_b8c47afe47d34bbe818536171b332d15_1024x1024.jpeg
image_65_5ab0ac87.jpg,https://product.hstatic.net/200000521195/product/eb4c845d-327b-4b08-ba0f-2832d2ca947b_230d7ce074fa408197a8c369596cb4d6_1024x1024.jpeg
image_66_8545df0b.jpg,https://product.hstatic.net/200000521195/product/ff8275db-6a7a-459b-94c6-5293746e0ca7_4c488cc6feb148499db998420b4fe6d5_1024x1024.jpeg
image_67_b4eb6278.jpg,https://product.hstatic.net/200000521195/product/dd5d46ba-e84e-4eb2-a0aa-660e24fd39c0_300ef0f5dbf44d018fc0a87e14338a4a_1024x1024.jpeg
image_68_fa723d4d.jpg,https://product.hstatic.net/200000521195/product/46074c8b-e310-4373-949d-dcbe2d4e8812_913730007bf54cfbb7c7d709afbf87f0_1024x1024.jpeg
image_69_c40da64d.jpg,https://product.hstatic.net/200000521195/product/c7906eca-c0bf-49b3-b64e-991e84e91af5_698be89b6d9b4391838615240d6ed6fd_1024x1024.jpeg
image_70_ac3e972d.jpg,https://product.hstatic.net/200000521195/product/7975ff2d-a438-4bab-a4b0-c42cd6ac4561_2fea04ce6735401ab57e70c85f357b8a_1024x1024.jpeg
image_71_f0d629a9.jpg,https://product.hstatic.net/200000521195/product/f2254d06-e361-4918-b8a3-1022908de8f6_f4fb12dc951b4add992c5cbe389476da_1024x1024.jpeg
image_72_1c857873.jpg,https://product.hstatic.net/200000521195/product/1e010a5a-70dc-4e40-b82e-55ac5dbec424_d87671f9f6e54dc797019d76ebdd0688_1024x1024.jpeg
image_73_e768cdce.jpg,https://product.hstatic.net/200000521195/product/8c16f8ec-1f9c-4cf0-8883-ce6ea5e033be_b8c47afe47d34bbe818536171b332d15_1024x1024.jpeg
image_74_5ab0ac87.jpg,https://product.hstatic.net/200000521195/product/eb4c845d-327b-4b08-ba0f-2832d2ca947b_230d7ce074fa408197a8c369596cb4d6_1024x1024.jpeg
