url,product_name
https://product.hstatic.net/200000521195/product/c0e6fe9e-5cf3-41a7-bc81-706cf3e2818f_105a662870654cc981aee9bef11eea8d_1024x1024.jpeg,Bánh quy cho chó mèo vị Cá hỗ trợ bóng mượt lông
https://product.hstatic.net/200000521195/product/c1ce399b-a9d3-4cf6-b5d0-4d17cc33c78f_ff2481c2a9364e64a83f5f37e1262435_1024x1024.jpeg,Bánh quy ngũ cốc cho mèo
https://product.hstatic.net/200000521195/product/7eeceb26-487e-4c97-92c4-1768d3da93be_d7e57c197db146b085f62fcaff211633_1024x1024.jpeg,Bánh quy vị Sữa & Trái Cây cho mèo
https://product.hstatic.net/200000521195/product/92733aeb-3c3d-4f22-8208-936285a7cb3b_4a863a0b9a9343c1958baba49047c9b9_1024x1024.jpeg,Bánh thưởng cho chó VEGEBRAND Orgo Freshening Biscuit
https://product.hstatic.net/200000521195/product/eb9ebc34-6ac2-455f-8dba-93d26607c141_11467a02371f43139d3e5df0a2afd751_1024x1024.jpeg,Thức ăn hạt khô KitchenFlavor Nature Gourmet cho chó mọi lứa tuổi
https://product.hstatic.net/200000521195/product/f8c5e0a1-35f5-42f3-9a35-ee6a3e927559_d1cf60c1e64b4b0db51e3096d2dad9aa_1024x1024.jpeg,Thức ăn hạt khô SMARTHEART Gold Adult cho chó trưởng thành 1kg
https://product.hstatic.net/200000521195/product/3fe2fa14-8833-4e9d-bf24-bf246f756791_e928b5f7705d437babbe8a4b08b2bd6a_1024x1024.jpeg,"Thức ăn hạt mềm Zenith cho chó con 1,2kg"
https://product.hstatic.net/200000521195/product/20c24a59-6637-4d68-b2ff-b9d06475adb7_ece3900cff7749df8d2110ffa0019053_1024x1024.jpeg,Bánh sữa dê bổ sung dinh dưỡng cho mèo
https://product.hstatic.net/200000521195/product/90d60a62-2b41-4b76-bf57-91280a180556_edc497eba6df4c1e9da89d81ee749b76_1024x1024.jpeg,Bánh thưởng CATNIP cho mèo
https://product.hstatic.net/200000521195/product/432274f1-f51b-480a-8b7f-f586c35fceb5_83e9ea6b32e54ff9b43e78079fabe509_1024x1024.jpeg,Bánh thưởng cho mèo My Foodie nhân sốt các vị
https://product.hstatic.net/200000521195/product/9f7f9957-a869-4603-b0ff-4fec46a65d0f_bb3eca32ffc64ad388af2015a9c46485_1024x1024.jpeg,Bánh thưởng xốp giòn FUNNY U cho mèo
https://product.hstatic.net/200000521195/product/389e2b6c-e0ce-4dc8-b3e2-6fd881db49e8_5699f0785b4d4a2894726c66f8e9f769_1024x1024.jpeg,Cỏ tươi hỗ trợ tiêu hoá và tiêu búi lông cho chó mèo
https://product.hstatic.net/200000521195/product/34a3b3a8-3898-4651-822f-43275b2802b7_2fb855b9a5884399a32bfab39cf37de2_1024x1024.jpeg,Pate MOZZI 160g Hàn Quốc cho mèo mọi lứa tuổi
https://product.hstatic.net/200000521195/product/6531bb95-d871-47f7-9fe0-6e8a11e3194e_7a736cb594234a97bf5f84c907c71007_1024x1024.jpeg,Bát ăn đôi hình con ếch cho chó mèo
https://product.hstatic.net/200000521195/product/4b8a3df5-6b27-4771-b018-a05df79bdbf2_d412517f64c14d24aa01953d43e3fd87_1024x1024.jpeg,Bát ăn đôi kèm bình nước tự động cho chó mèo
https://product.hstatic.net/200000521195/product/216c8191-61af-4f80-b2d6-1c4611bc86c7_0e5255a1714640e6821c3b02f8d4ad62_1024x1024.jpeg,Bát ăn đôi lớn hình quả Bơ cho chó mèo
https://product.hstatic.net/200000521195/product/70a19e1a-08a3-4ebc-a124-52cab5af5d4a_fdc020e199d046fb9ba834bde3b2fd66_1024x1024.jpeg,Bát ăn hình quả dâu cho chó mèo
https://product.hstatic.net/200000521195/product/9f80dc26-a556-4793-abec-c2cbbc9186d2_0c0b21d1a7b748ac911455689197efb1_1024x1024.jpeg,Bát ăn hình trứng ốp la cho chó mèo
https://product.hstatic.net/200000521195/product/398a40fd-226c-46e5-a477-4d5157351e68_f670171591bf4b549d80fb4abd6a8f95_1024x1024.jpeg,Bát ăn hình vỏ sò cho chó mèo
https://product.hstatic.net/200000521195/product/ef0ba1ee-5367-4413-9254-9d4fb013e4ef_6bb710948d0144488e9a245d5f19209d.jpeg,Bát ăn nghiêng chống gù cho chó mèo
https://product.hstatic.net/200000521195/product/fe9b581d-9a81-42b7-8fb8-b90f03fc953a_cf2089d17cc245298491f0f652057fd2_1024x1024.jpeg,Bát ăn nhựa cứng cho thú cưng
https://product.hstatic.net/200000521195/product/b44cd734-0b7c-459a-a7b2-0749f76419f0_721bfecc5ec2487b8e843149a53fe0af_1024x1024.jpeg,Bát ăn nhựa đơn tròn cho chó mèo
https://product.hstatic.net/200000521195/product/2925edad-1e64-49bd-9fb4-e569bc3cc7f2_51a7515df8cd48868c214b6a358f8586_1024x1024.jpg,Bộ dây dắt vòng cổ cho chó mèo 5 - 15kg
https://product.hstatic.net/200000521195/product/ebcdcc78-b370-49ee-99fa-1c8c0ce997a2_d7fd234d49094202927d9bb21a5f949d_1024x1024.jpeg,Bộ dây dắt yếm cho chó mèo 1 - 10kg
https://product.hstatic.net/200000521195/product/2d4797f2-5a1b-4049-8679-70df36516ea7_264b0a72a7b6499199a0f79559a25b9e_1024x1024.jpeg,Bộ dây dắt yếm hình gấu Teddy cho chó mèo 1 - 5kg
https://product.hstatic.net/200000521195/product/41d956bf-eb72-4cc9-9b58-c83979c307f6_c7f2769df81d40459a41da3053fb9641_1024x1024.jpeg,Bộ dây dắt yếm in hoa cho chó mèo 5 - 10kg
https://product.hstatic.net/200000521195/product/ea30a8d5-2c70-499c-b608-a39945a471f0_d2cb94ebb0ca4c52b3e7f8ce8009976f_1024x1024.jpg,Dây dắt yếm rời cho chó mèo 1 - 5kg
https://product.hstatic.net/200000521195/product/0f68422c-8931-4914-9352-e2997c8a4815_feb4321b720e47b2a1e34c80f47481cb_1024x1024.jpeg,Khăn quàng cổ hoạ tiết cho chó mèo
https://product.hstatic.net/200000521195/product/8b7892b4-8a47-4127-bdf3-17dfd2ae82b3_b8394ca4e7ea45df912ed9cc4fb1238d_1024x1024.jpg,Vòng cổ chó mèo hình bàn chân
https://product.hstatic.net/200000521195/product/cfc2ad00-9a81-479d-90ee-4c5b9c96a95c_a1ed42393d934d0e90a26a2fc5340dbd_1024x1024.jpeg,Vòng cổ chó mèo hình cá bông
https://product.hstatic.net/200000521195/product/f572b8be-ca38-4649-adfa-e302a39ad93a_3811065278964ed2a910f78c4fbd7f6c_1024x1024.jpeg,Vòng cổ chó mèo hình cây nấm
https://product.hstatic.net/200000521195/product/9031ff9a-3eda-4c91-bda3-7465fc224e1c_184c0294327140ceb2556712c9aabef3_1024x1024.jpeg,Vòng cổ chó mèo hình cún con
https://product.hstatic.net/200000521195/product/ff8275db-6a7a-459b-94c6-5293746e0ca7_4c488cc6feb148499db998420b4fe6d5_1024x1024.jpeg,Canxi Mỹ PetAg Calcium Phosphorus cho chó mèo hộp 50 viên
https://product.hstatic.net/200000521195/product/dd5d46ba-e84e-4eb2-a0aa-660e24fd39c0_300ef0f5dbf44d018fc0a87e14338a4a_1024x1024.jpeg,Gel dinh dưỡng cho chó mèo NUTRI-PLUS GEL
https://product.hstatic.net/200000521195/product/1f92eedc-8bc6-4df0-840f-988d5bca3309_652171caa43941e0be4d0095dbabb4a8_1024x1024.jpeg,Nhỏ gáy diệt ve bọ chét cho chó <10kg FRONTLINE PLUS
https://product.hstatic.net/200000521195/product/c7906eca-c0bf-49b3-b64e-991e84e91af5_698be89b6d9b4391838615240d6ed6fd_1024x1024.jpeg,Nhỏ mắt BIO-GENTADROP cho chó mèo
https://product.hstatic.net/200000521195/product/7975ff2d-a438-4bab-a4b0-c42cd6ac4561_2fea04ce6735401ab57e70c85f357b8a_1024x1024.jpeg,Sữa bột PETLAC cho chó mèo
https://product.hstatic.net/200000521195/product/6b9a76b3-cd75-4d15-86da-983af2fd35a0_96d4882258ec447f8d2c5e7a25686fce_1024x1024.jpeg,Sữa bột PREDOGEN cho chó con 110g
https://product.hstatic.net/200000521195/product/8c16f8ec-1f9c-4cf0-8883-ce6ea5e033be_b8c47afe47d34bbe818536171b332d15_1024x1024.jpeg,Thuốc tẩy giun sán SANPET cho chó mèo
https://product.hstatic.net/200000521195/product/eb4c845d-327b-4b08-ba0f-2832d2ca947b_230d7ce074fa408197a8c369596cb4d6_1024x1024.jpeg,Thuốc trị rận viêm nấm tai cho chó mèo ALKIN Otoklen
https://product.hstatic.net/200000521195/product/46074c8b-e310-4373-949d-dcbe2d4e8812_913730007bf54cfbb7c7d709afbf87f0_1024x1024.jpeg,Nhỏ gáy diệt ve bọ chét cho mèo FRONTLINE PLUS
https://product.hstatic.net/200000521195/product/f2254d06-e361-4918-b8a3-1022908de8f6_f4fb12dc951b4add992c5cbe389476da_1024x1024.jpeg,Sữa bột PRECATEN cho mèo con 110g
https://product.hstatic.net/200000521195/product/1e010a5a-70dc-4e40-b82e-55ac5dbec424_d87671f9f6e54dc797019d76ebdd0688_1024x1024.jpeg,Tẩy giun cho mèo BAYER Drontal Cat
